{
    "dice": [
        {
            "epoch": 0,
            "dice": 0.05954891975436892
        },
        {
            "epoch": 1,
            "dice": 0.0576939412525722
        }
    ]
}